id, version, meta, id, flags, tile entity
-162,0,0,end_stone_brick_slab,,
-161,0,,barrier,,
-159,0,,turtle_egg,,
-157,0,,conduit,,
-156,0,,sea_pickle,,
-155,0,,carved_pumpkin,,
-154,0,,spruce_pressure_plate,,
-153,0,,jungle_pressure_plate,,
-152,0,,dark_oak_pressure_plate,,
-151,0,,birch_pressure_plate,,
-150,0,,acacia_pressure_plate,,
-149,0,,spruce_trapdoor,,
-148,0,,jungle_trapdoor,,
-147,0,,dark_oak_trapdoor,,
-146,0,,birch_trapdoor,,
-145,0,,acacia_trapdoor,,
-144,0,,spruce_button,,
-143,0,,jungle_button,,
-142,0,,dark_oak_button,,
-141,0,,birch_button,,
-140,0,,acacia_button,,
-139,0,,dried_kelp_block,,
-138,0,,kelp,,
-134,0,0,dead_tube_coral_fan,,
,0,1,dead_brain_coral_fan,,
,0,2,dead_bubble_coral_fan,,
,0,3,dead_fire_coral_fan,,
,0,4,dead_horn_coral_fan,,
-133,0,0,tube_coral_fan,,
,0,1,brain_coral_fan,,
,0,2,bubble_coral_fan,,
,0,3,fire_coral_fan,,
,0,4,horn_coral_fan,,
-132,0,0,tube_coral_block,,
,0,1,brain_coral_block,,
,0,2,bubble_coral_block,,
,0,3,fire_coral_block,,
,0,4,horn_coral_block,,
,0,8,dead_tube_coral_block,,
,0,9,dead_brain_coral_block,,
,0,10,dead_bubble_coral_block,,
,0,11,dead_fire_coral_block,,
,0,12,dead_horn_coral_block,,
-131,0,0,tube_coral,,
,0,1,brain_coral,,
,0,2,bubble_coral,,
,0,3,fire_coral,,
,0,4,horn_coral,,
-130,0,,seagrass,,
-11,0,,blue_ice,,
-10,0,,stripped_oak_log,,
-9,0,,stripped_dark_oak_log,,
-8,0,,stripped_acacia_log,,
-7,0,,stripped_jungle_log,,
-6,0,,stripped_birch_log,,
-5,0,,stripped_spruce_log,,
-4,0,,prismarine_brick_stairs,,
-3,0,,dark_prismarine_stairs,,
-2,0,,prismarine_stairs,,
1,0,0,stone,,
,0,1,granite,,
,0,2,polished_granite,,
,0,3,diorite,,
,0,4,polished_diorite,,
,0,5,andesite,,
,0,6,polished_andesite,,
2,0,,grass_block,,
3,0,0,dirt,,
,0,1,coarse_dirt,,
,0,2,podzol,,
4,0,,cobblestone,,
5,0,0,oak_planks,,
,0,1,spruce_planks,,
,0,2,birch_planks,,
,0,3,jungle_planks,,
,0,4,acacia_planks,,
,0,5,dark_oak_planks,,
6,0,0,oak_sapling,,
,0,1,spruce_sapling,,
,0,2,birch_sapling,,
,0,3,jungle_sapling,,
,0,4,acacia_sapling,,
,0,5,dark_oak_sapling,,
7,0,,bedrock,,
8,0,,flowing_water,,
9,0,,water,,
10,0,,flowing_lava,,
11,0,,lava,,
12,0,0,sand,,
,0,1,red_sand,,
13,0,,gravel,,
14,0,,gold_ore,,
15,0,,iron_ore,,
16,0,,coal_ore,,
17,0,0,oak_log,,
,0,1,spruce_log,,
,0,2,birch_log,,
,0,3,jungle_log,,
18,0,0,oak_leaves,,
,0,1,spruce_leaves,,
,0,2,birch_leaves,,
,0,3,jungle_leaves,,
19,0,0,sponge,,
,0,1,wet_sponge,,
20,0,,glass,,
21,0,,lapis_ore,,
22,0,,lapis_block,,
23,0,,dispenser,,Dispenser
24,0,0,sandstone,,
,0,1,cut_sandstone,,
,0,2,chiseled_sandstone,,
,0,3,smooth_sandstone,,
25,0,,note_block,,Music
27,0,,powered_rail,,
28,0,,detector_rail,,
29,0,,sticky_piston,,
30,0,,cobweb,,
31,0,0,tall_grass,,
,0,2,fern,,
,0,2,dead_bush,,
32,0,,dead_bush,,
33,0,,piston,,
34,0,,piston_head,,
35,0,0,white_wool,,
,0,1,orange_wool,,
,0,2,magenta_wool,,
,0,3,light_blue_wool,,
,0,4,yellow_wool,,
,0,5,lime_wool,,
,0,6,pink_wool,,
,0,7,gray_wool,,
,0,8,light_gray_wool,,
,0,9,cyan_wool,,
,0,10,purple_wool,,
,0,11,blue_wool,,
,0,12,brown_wool,,
,0,13,green_wool,,
,0,14,red_wool,,
,0,15,black_wool,,
37,0,,dandelion,,
38,0,0,poppy,,
,0,1,blue_orchid,,
,0,2,allium,,
,0,3,azure_bluet,,
,0,4,red_tulip,,
,0,5,orange_tulip,,
,0,6,white_tulip,,
,0,7,pink_tulip,,
,0,8,oxeye_daisy,,
,0,9,cornflower,,
,0,10,lily_of_the_valley,,
39,0,,brown_mushroom,,
40,0,,red_mushroom,,
41,0,,gold_block,,
42,0,,iron_block,,
44,0,0,smooth_stone_slab,,
,0,1,sandstone_slab,,
,0,2,oak_slab,,
,0,3,cobblestone_slab,,
,0,4,brick_slab,,
,0,5,stone_brick_slab,,
,0,6,quartz_slab,,
,0,7,nether_brick_slab,,
45,0,,bricks,,
46,0,,tnt,,
47,0,,bookshelf,,
48,0,,mossy_cobblestone,,
49,0,,obsidian,,
50,0,,torch,,
51,0,,fire,,
52,0,,spawner,,
53,0,,oak_stairs,,
54,0,,chest,,Chest
55,0,,redstone_wire,,
56,0,,diamond_ore,,
57,0,,diamond_block,,
58,0,,crafting_table,,
59,0,,wheat,,
60,0,,farmland,,
61,0,,furnace,,Furnace
63,0,,oak_sign,,Sign
64,0,,oak_door,,
65,0,,ladder,,
66,0,,rail,,
67,0,,cobblestone_stairs,,
69,0,,lever,,
70,0,,stone_pressure_plate,,
71,0,,iron_door,,
72,0,,oak_pressure_plate,,
73,0,,redstone_ore,,
74,0,,redstone_ore,,
75,0,,redstone_torch,,
76,0,,redstone_torch,,
77,0,,stone_button,,
78,0,,snow,,
79,0,,ice,,
80,0,,snow_block,,
81,0,,cactus,,
82,0,,clay,,
83,0,,sugar_cane,,
84,0,,jukebox,,Jukebox
85,0,0,oak_fence,,
,0,1,spruce_fence,,
,0,2,birch_fence,,
,0,3,jungle_fence,,
,0,4,acacia_fence,,
,0,5,dark_oak_fence,,
86,0,,pumpkin,,
87,0,,netherrack,,
88,0,,soul_sand,,
89,0,,glowstone,,
91,0,,jack_o_lantern,,
92,0,,cake,,
96,0,,oak_trapdoor,,
97,0,0,infested_stone,,
,0,1,infested_cobblestone,,
,0,2,infested_stone_bricks,,
,0,3,infested_cracked_stone_bricks,,
,0,4,infested_mossy_stone_bricks,,
,0,5,infested_chiseled_stone_bricks,,
98,0,0,stone_bricks,,
,0,1,mossy_stone_bricks,,
,0,2,cracked_stone_bricks,,
,0,3,chiseled_stone_bricks,,
,0,4,stone_bricks,,
99,0,14,mushroom_stem,,
,0,,brown_mushroom_block,,
100,0,,red_mushroom_block,,
101,0,,iron_bars,,
102,0,,glass_pane,,
103,0,,melon,,
104,0,,pumpkin_stem,,
105,0,,melon_stem,,
106,0,,vine,,
107,0,,oak_fence_gate,,
108,0,,brick_stairs,,
109,0,,stone_brick_stairs,,
110,0,,mycelium,,
111,0,,lily_pad,,
112,0,,nether_bricks,,
113,0,,nether_brick_fence,,
114,0,,nether_brick_stairs,,
115,0,,nether_wart,,
116,0,,enchanting_table,,
117,0,,brewing_stand,,BrewingStand
118,0,,cauldron,,
119,0,,end_portal,,
120,0,,end_portal_frame,,
121,0,,end_stone,,
122,0,,dragon_egg,,
123,0,,redstone_lamp,,
125,0,,dropper,,Dropper
126,0,,activator_rail,,
127,0,,cocoa,,
128,0,,sandstone_stairs,,
129,0,,emerald_ore,,
130,0,,ender_chest,,
131,0,,tripwire_hook,,
132,0,,tripwire,,
133,0,,emerald_block,,
134,0,,spruce_stairs,,
135,0,,birch_stairs,,
136,0,,jungle_stairs,,
137,0,,command_block,,
138,0,,beacon,,Beacon
139,0,0,cobblestone_wall,,
,0,1,mossy_cobblestone_wall,,
,0,2,granite_wall,,
,0,3,diorite_wall,,
,0,4,andesite_wall,,
,0,5,sandstone_wall,,
,0,6,brick_wall,,
,0,7,stone_brick_wall,,
,0,8,mossy_stone_brick_wall,,
,0,9,end_stone_brick_wall,,
,0,10,nether_brick_wall,,
,0,11,prismarine_wall,,
,0,12,red_sandstone_wall,,
,0,13,red_nether_brick_wall,,
140,0,,flower_pot,,
141,0,,carrots,,
142,0,,potatoes,,
143,0,,oak_button,,
145,0,0,anvil,,
,0,4,chipped_anvil,,
,0,8,damaged_anvil,,
146,0,,trapped_chest,,Chest
147,0,,light_weighted_pressure_plate,,
148,0,,heavy_weighted_pressure_plate,,
151,0,,daylight_detector,,
152,0,,redstone_block,,
153,0,,nether_quartz_ore,,
154,0,,hopper,,Hopper
155,0,0,quartz_block,,
,0,1,chiseled_quartz_block,,
,0,2,quartz_pillar,,
156,0,,quartz_stairs,,
158,0,0,oak_slab,,
,0,1,spruce_slab,,
,0,2,birch_slab,,
,0,3,jungle_slab,,
,0,4,acacia_slab,,
,0,5,dark_oak_slab,,
159,0,0,white_terracotta,,
,0,1,orange_terracotta,,
,0,2,magenta_terracotta,,
,0,3,light_blue_terracotta,,
,0,4,yellow_terracotta,,
,0,5,lime_terracotta,,
,0,6,pink_terracotta,,
,0,7,gray_terracotta,,
,0,8,light_gray_terracotta,,
,0,9,cyan_terracotta,,
,0,10,purple_terracotta,,
,0,11,blue_terracotta,,
,0,12,brown_terracotta,,
,0,13,green_terracotta,,
,0,14,red_terracotta,,
,0,15,black_terracotta,,
160,0,0,white_stained_glass_pane,,
,0,1,orange_stained_glass_pane,,
,0,2,magenta_stained_glass_pane,,
,0,3,light_blue_stained_glass_pane,,
,0,4,yellow_stained_glass_pane,,
,0,5,lime_stained_glass_pane,,
,0,6,pink_stained_glass_pane,,
,0,7,gray_stained_glass_pane,,
,0,8,light_gray_stained_glass_pane,,
,0,9,cyan_stained_glass_pane,,
,0,10,purple_stained_glass_pane,,
,0,11,blue_stained_glass_pane,,
,0,12,brown_stained_glass_pane,,
,0,13,green_stained_glass_pane,,
,0,14,red_stained_glass_pane,,
,0,15,black_stained_glass_pane,,
161,0,0,acacia_leaves,,
,0,1,dark_oak_leaves,,
162,0,0,acacia_log,,
,0,1,dark_oak_log,,
163,0,,acacia_stairs,,
164,0,,dark_oak_stairs,,
165,0,,slime_block,,
167,0,,iron_trapdoor,,
168,0,0,prismarine,,
,0,1,prismarine_bricks,,
,0,2,dark_prismarine,,
169,0,,sea_lantern,,
170,0,,hay_block,,
171,0,0,white_carpet,,
,0,1,orange_carpet,,
,0,2,magenta_carpet,,
,0,3,light_blue_carpet,,
,0,4,yellow_carpet,,
,0,5,lime_carpet,,
,0,6,pink_carpet,,
,0,7,gray_carpet,,
,0,8,light_gray_carpet,,
,0,9,cyan_carpet,,
,0,10,purple_carpet,,
,0,11,blue_carpet,,
,0,12,brown_carpet,,
,0,13,green_carpet,,
,0,14,red_carpet,,
,0,15,black_carpet,,
172,0,,terracotta,,
173,0,,coal_block,,
174,0,,packed_ice,,
175,0,2,tall_grass,,
,0,0,sunflower,,
,0,1,lilac,,
,0,3,large_fern,,
,0,4,rose_bush,,
,0,5,peony,,
176,0,,white_banner,,Banner
177,0,,white_wall_banner,,
179,0,0,red_sandstone,,
,0,1,chiseled_red_sandstone,,
,0,2,smooth_red_sandstone,,
,0,3,cut_red_sandstone,,
180,0,,red_sandstone_stairs,,
182,0,0,red_sandstone_slab,,
,0,1,purpur_slab,,
,0,2,prismarine_slab,,
,0,4,prismarine_brick_slab,,
,0,3,dark_prismarine_slab,,
,0,5,mossy_cobblestone_slab,,
,0,6,smooth_sandstone_slab,,
,0,7,red_nether_brick_slab,,
183,0,,spruce_fence_gate,,
184,0,,birch_fence_gate,,
185,0,,jungle_fence_gate,,
186,0,,dark_oak_fence_gate,,
187,0,,acacia_fence_gate,,
188,0,,repeating_command_block,,CommandBlock
189,0,,chain_command_block,,CommandBlock
193,0,,spruce_door,,
194,0,,birch_door,,
195,0,,jungle_door,,
196,0,,acacia_door,,
197,0,,dark_oak_door,,
198,0,,dirt_path,,
199,0,,item_frame,,
200,0,,chorus_flower,,
201,0,0,purpur_block,,
,0,2,purpur_pillar,,
203,0,,purpur_stairs,,
205,0,,shulker_box,,ShulkerBox
206,0,,end_stone_bricks,,
207,0,,frosted_ice,,
208,0,,end_rod,,
209,0,,end_gateway,,EndGateway
213,0,,magma_block,,
214,0,,nether_wart_block,,
215,0,,red_nether_bricks,,
216,0,,bone_block,,
218,0,0,white_shulker_box,,ShulkerBox
,0,1,orange_shulker_box,,ShulkerBox
,0,2,magenta_shulker_box,,ShulkerBox
,0,3,light_blue_shulker_box,,ShulkerBox
,0,4,yellow_shulker_box,,ShulkerBox
,0,5,lime_shulker_box,,ShulkerBox
,0,6,pink_shulker_box,,ShulkerBox
,0,7,gray_shulker_box,,ShulkerBox
,0,8,light_gray_shulker_box,,ShulkerBox
,0,9,cyan_shulker_box,,ShulkerBox
,0,10,purple_shulker_box,,ShulkerBox
,0,11,blue_shulker_box,,ShulkerBox
,0,12,brown_shulker_box,,ShulkerBox
,0,13,green_shulker_box,,ShulkerBox
,0,14,red_shulker_box,,ShulkerBox
,0,15,black_shulker_box,,ShulkerBox
219,0,,purple_glazed_terracotta,,
220,0,,white_glazed_terracotta,,
221,0,,orange_glazed_terracotta,,
222,0,,magenta_glazed_terracotta,,
223,0,,light_blue_glazed_terracotta,,
224,0,,yellow_glazed_terracotta,,
225,0,,lime_glazed_terracotta,,
226,0,,pink_glazed_terracotta,,
227,0,,gray_glazed_terracotta,,
228,0,,light_gray_glazed_terracotta,,
229,0,,cyan_glazed_terracotta,,
231,0,,blue_glazed_terracotta,,
232,0,,brown_glazed_terracotta,,
233,0,,green_glazed_terracotta,,
234,0,,red_glazed_terracotta,,
235,0,,black_glazed_terracotta,,
236,0,0,white_concrete,,
,0,1,orange_concrete,,
,0,2,magenta_concrete,,
,0,3,light_blue_concrete,,
,0,4,yellow_concrete,,
,0,5,lime_concrete,,
,0,6,pink_concrete,,
,0,7,gray_concrete,,
,0,8,light_gray_concrete,,
,0,9,cyan_concrete,,
,0,10,purple_concrete,,
,0,11,blue_concrete,,
,0,12,brown_concrete,,
,0,13,green_concrete,,
,0,14,red_concrete,,
,0,15,black_concrete,,
237,0,0,white_concrete_powder,,
,0,1,orange_concrete_powder,,
,0,2,magenta_concrete_powder,,
,0,3,light_blue_concrete_powder,,
,0,4,yellow_concrete_powder,,
,0,5,lime_concrete_powder,,
,0,6,pink_concrete_powder,,
,0,7,gray_concrete_powder,,
,0,8,light_gray_concrete_powder,,
,0,9,cyan_concrete_powder,,
,0,10,purple_concrete_powder,,
,0,11,blue_concrete_powder,,
,0,12,brown_concrete_powder,,
,0,13,green_concrete_powder,,
,0,14,red_concrete_powder,,
,0,15,black_concrete_powder,,
240,0,,chorus_plant,,
241,0,0,white_stained_glass,,
,0,1,orange_stained_glass,,
,0,2,magenta_stained_glass,,
,0,3,light_blue_stained_glass,,
,0,4,yellow_stained_glass,,
,0,5,lime_stained_glass,,
,0,6,pink_stained_glass,,
,0,7,gray_stained_glass,,
,0,8,light_gray_stained_glass,,
,0,9,cyan_stained_glass,,
,0,10,purple_stained_glass,,
,0,11,blue_stained_glass,,
,0,12,brown_stained_glass,,
,0,13,green_stained_glass,,
,0,14,red_stained_glass,,
,0,15,black_stained_glass,,
243,0,,podzol,,
244,0,,beetroots,,
245,0,,stonecutter,,
251,0,,observer,,
256,0,,iron_shovel,DURABILITY,
257,0,,iron_pickaxe,DURABILITY,
258,0,,iron_axe,DURABILITY,
259,0,,flint_and_steel,DURABILITY,
260,0,,apple,,
261,0,,bow,DURABILITY,
262,0,,arrow,ARROW,
263,0,0,coal,,
,0,1,charcoal,,
264,0,,diamond,,
265,0,,iron_ingot,,
266,0,,gold_ingot,,
267,0,,iron_sword,DURABILITY,
268,0,,wooden_sword,DURABILITY,
269,0,,wooden_shovel,DURABILITY,
270,0,,wooden_pickaxe,DURABILITY,
271,0,,wooden_axe,DURABILITY,
272,0,,stone_sword,DURABILITY,
273,0,,stone_shovel,DURABILITY,
274,0,,stone_pickaxe,DURABILITY,
275,0,,stone_axe,DURABILITY,
276,0,,diamond_sword,DURABILITY,
277,0,,diamond_shovel,DURABILITY,
278,0,,diamond_pickaxe,DURABILITY,
279,0,,diamond_axe,DURABILITY,
280,0,,stick,,
281,0,,bowl,,
282,0,,mushroom_stew,,
283,0,,golden_sword,DURABILITY,
284,0,,golden_shovel,DURABILITY,
285,0,,golden_pickaxe,DURABILITY,
286,0,,golden_axe,DURABILITY,
287,0,,string,,
288,0,,feather,,
289,0,,gunpowder,,
290,0,,wooden_hoe,DURABILITY,
291,0,,stone_hoe,DURABILITY,
292,0,,iron_hoe,DURABILITY,
293,0,,diamond_hoe,DURABILITY,
294,0,,golden_hoe,DURABILITY,
295,0,,wheat_seeds,,
296,0,,wheat,,
297,0,,bread,,
298,0,,leather_helmet,DURABILITY | COLORED,
299,0,,leather_chestplate,DURABILITY | COLORED,
300,0,,leather_leggings,DURABILITY | COLORED,
301,0,,leather_boots,DURABILITY | COLORED,
302,0,,chainmail_helmet,DURABILITY,
303,0,,chainmail_chestplate,DURABILITY,
304,0,,chainmail_leggings,DURABILITY,
305,0,,chainmail_boots,DURABILITY,
306,0,,iron_helmet,DURABILITY,
307,0,,iron_chestplate,DURABILITY,
308,0,,iron_leggings,DURABILITY,
309,0,,iron_boots,DURABILITY,
310,0,,diamond_helmet,DURABILITY,
311,0,,diamond_chestplate,DURABILITY,
312,0,,diamond_leggings,DURABILITY,
313,0,,diamond_boots,DURABILITY,
314,0,,golden_helmet,DURABILITY,
315,0,,golden_chestplate,DURABILITY,
316,0,,golden_leggings,DURABILITY,
317,0,,golden_boots,DURABILITY,
318,0,,flint,,
319,0,,porkchop,,
320,0,,cooked_porkchop,,
321,0,,painting,,
322,0,,golden_apple,,
323,0,,oak_sign,,Sign
324,0,,oak_door,,
325,0,0,bucket,,
,0,1,milk_bucket,,
,0,2,cod_bucket,,
,0,3,salmon_bucket,,
,0,4,tropical_fish_bucket,,
,0,5,pufferfish_bucket,,
,0,8,water_bucket,,
,0,10,lava_bucket,,
328,0,,minecart,,
329,0,,saddle,,
330,0,,iron_door,,
331,0,,redstone,,
332,0,,snowball,,
333,0,0,oak_boat,,
,0,1,spruce_boat,,
,0,2,birch_boat,,
,0,3,jungle_boat,,
,0,4,acacia_boat,,
,0,5,dark_oak_boat,,
334,0,,leather,,
335,0,,kelp,,
336,0,,brick,,
337,0,,clay_ball,,
338,0,,sugar_cane,,
339,0,,paper,,
340,0,,book,,
341,0,,slime_ball,,
342,0,,chest_minecart,,
344,0,,egg,,
345,0,,compass,,
346,0,,fishing_rod,DURABILITY,
347,0,,clock,,
348,0,,glowstone_dust,,
349,0,,cod,,
350,0,,cooked_cod,,
351,0,0,ink_sac,,
,0,1,red_dye,,
,0,2,green_dye,,
,0,3,cocoa_beans,,
,0,4,lapis_lazuli,,
,0,5,purple_dye,,
,0,6,cyan_dye,,
,0,7,light_gray_dye,,
,0,8,gray_dye,,
,0,9,pink_dye,,
,0,10,lime_dye,,
,0,11,yellow_dye,,
,0,12,light_blue_dye,,
,0,13,magenta_dye,,
,0,14,orange_dye,,
,0,15,bone_meal,,
352,0,,bone,,
353,0,,sugar,,
354,0,,cake,,
355,0,0,white_bed,,
,0,1,orange_bed,,
,0,2,magenta_bed,,
,0,3,light_blue_bed,,
,0,4,yellow_bed,,
,0,5,lime_bed,,
,0,6,pink_bed,,
,0,7,gray_bed,,
,0,8,light_gray_bed,,
,0,9,cyan_bed,,
,0,10,purple_bed,,
,0,11,blue_bed,,
,0,12,brown_bed,,
,0,13,green_bed,,
,0,14,red_bed,,
,0,15,black_bed,,
356,0,,repeater,,
357,0,,cookie,,
358,0,,filled_map,,
359,0,,shears,DURABILITY,
360,0,,melon_slice,,
361,0,,pumpkin_seeds,,
362,0,,melon_seeds,,
363,0,,beef,,
364,0,,cooked_beef,,
365,0,,chicken,,
366,0,,cooked_chicken,,
367,0,,rotten_flesh,,
368,0,,ender_pearl,,
369,0,,blaze_rod,,
370,0,,ghast_tear,,
371,0,,gold_nugget,,
372,0,,nether_wart,,
373,0,,potion,POTION,
374,0,,glass_bottle,,
375,0,,spider_eye,,
376,0,,fermented_spider_eye,,
377,0,,blaze_powder,,
378,0,,magma_cream,,
379,0,,brewing_stand,,BrewingStand
380,0,,cauldron,,
381,0,,ender_eye,,
382,0,,glistering_melon_slice,,
383,0,0,pig_spawn_egg,SPAWN_EGG,
,0,12,pig_spawn_egg,SPAWN_EGG,
,0,10,chicken_spawn_egg,SPAWN_EGG,
,0,11,cow_spawn_egg,SPAWN_EGG,
,0,13,sheep_spawn_egg,SPAWN_EGG,
,0,16,mooshroom_spawn_egg,SPAWN_EGG,
,0,17,squid_spawn_egg,SPAWN_EGG,
,0,18,rabbit_spawn_egg,SPAWN_EGG,
,0,19,bat_spawn_egg,SPAWN_EGG,
,0,22,ocelot_spawn_egg,SPAWN_EGG,
,0,23,horse_spawn_egg,SPAWN_EGG,
,0,24,donkey_spawn_egg,SPAWN_EGG,
,0,25,mule_spawn_egg,SPAWN_EGG,
,0,27,zombie_horse_spawn_egg,SPAWN_EGG,
,0,28,polar_bear_spawn_egg,SPAWN_EGG,
,0,29,llama_spawn_egg,SPAWN_EGG,
,0,30,parrot_spawn_egg,SPAWN_EGG,
,0,32,zombie_spawn_egg,SPAWN_EGG,
,0,33,creeper_spawn_egg,SPAWN_EGG,
,0,34,skeleton_spawn_egg,SPAWN_EGG,
,0,35,spider_spawn_egg,SPAWN_EGG,
,0,36,zombie_pigman_spawn_egg,SPAWN_EGG,
,0,37,slime_spawn_egg,SPAWN_EGG,
,0,38,enderman_spawn_egg,SPAWN_EGG,
,0,39,silverfish_spawn_egg,SPAWN_EGG,
,0,40,cave_spider_spawn_egg,SPAWN_EGG,
,0,41,ghast_spawn_egg,SPAWN_EGG,
,0,42,magma_cube_spawn_egg,SPAWN_EGG,
,0,43,blaze_spawn_egg,SPAWN_EGG,
,0,45,witch_spawn_egg,SPAWN_EGG,
,0,46,stray_spawn_egg,SPAWN_EGG,
,0,47,husk_spawn_egg,SPAWN_EGG,
,0,48,wither_skeleton_spawn_egg,SPAWN_EGG,
,0,49,guardian_spawn_egg,SPAWN_EGG,
,0,50,elder_guardian_spawn_egg,SPAWN_EGG,
,0,54,shulker_spawn_egg,SPAWN_EGG,
,0,55,endermite_spawn_egg,SPAWN_EGG,
,0,57,vindicator_spawn_egg,SPAWN_EGG,
,0,104,evoker_spawn_egg,SPAWN_EGG,
,0,105,vex_spawn_egg,SPAWN_EGG,
384,0,,experience_bottle,,
385,0,,fire_charge,,
386,0,,writable_book,,
387,0,,written_book,BOOK,
388,0,,emerald,,
389,0,,item_frame,,
390,0,,flower_pot,,
391,0,,carrot,,
392,0,,potato,,
393,0,,baked_potato,,
394,0,,poisonous_potato,,
395,0,,map,,
396,0,,golden_carrot,,
397,0,0,skeleton_skull,,
,0,1,wither_skeleton_skull,,
,0,2,zombie_head,,
,0,3,player_head,,
,0,4,creeper_head,,
,0,5,dragon_head,,
398,0,,carrot_on_a_stick,DURABILITY,
399,0,,nether_star,,
400,0,,pumpkin_pie,,
401,0,,firework_rocket,FIREWORK,
402,0,,firework_star,FIREWORK_CHARGE,
403,0,,enchanted_book,STORED_ENCH,
404,0,,comparator,,Comparator
405,0,,nether_brick,,
406,0,,quartz,,
407,0,,tnt_minecart,,
408,0,,hopper_minecart,,
409,0,,prismarine_shard,,
410,0,,hopper,,Hopper
411,0,,rabbit,,
412,0,,cooked_rabbit,,
413,0,,rabbit_stew,,
414,0,,rabbit_foot,,
415,0,,rabbit_hide,,
416,0,,leather_horse_armor,,
417,0,,iron_horse_armor,,
418,0,,golden_horse_armor,,
419,0,,diamond_horse_armor,,
420,0,,lead,,
421,0,,name_tag,,
422,0,,prismarine_crystals,,
423,0,,mutton,,
424,0,,cooked_mutton,,
425,0,,armor_stand,,
426,0,,end_crystal,,
427,0,,spruce_door,,
428,0,,birch_door,,
429,0,,jungle_door,,
430,0,,acacia_door,,
431,0,,dark_oak_door,,
432,0,,chorus_fruit,,
433,0,,popped_chorus_fruit,,
434,0,0,creeper_banner_pattern,,
,0,1,skull_banner_pattern,,
,0,2,flower_banner_pattern,,
,0,3,mojang_banner_pattern,,
437,0,,dragon_breath,,
438,0,,splash_potion,POTION,
441,0,,lingering_potion,POTION,
443,0,,command_block_minecart,,
444,0,,elytra,DURABILITY,
445,0,,shulker_shell,,
446,0,0,white_banner,,Banner
,0,1,orange_banner,,Banner
,0,2,magenta_banner,,Banner
,0,3,light_blue_banner,,Banner
,0,4,yellow_banner,,Banner
,0,5,lime_banner,,Banner
,0,6,pink_banner,,Banner
,0,7,gray_banner,,Banner
,0,8,light_gray_banner,,Banner
,0,9,cyan_banner,,Banner
,0,10,purple_banner,,Banner
,0,11,blue_banner,,Banner
,0,12,brown_banner,,Banner
,0,13,green_banner,,Banner
,0,14,red_banner,,Banner
,0,15,black_banner,,Banner
450,0,,totem_of_undying,,
452,0,,iron_nugget,,
455,0,,trident,DURABILITY,
457,0,,beetroot,,
458,0,,beetroot_seeds,,
459,0,,beetroot_soup,,
460,0,,salmon,,
461,0,,tropical_fish,,
462,0,,pufferfish,,
463,0,,cooked_salmon,,
464,0,,dried_kelp,,
465,0,,nautilus_shell,,
466,0,,enchanted_golden_apple,,
467,0,,heart_of_the_sea,,
468,0,,scute,,
469,0,,turtle_helmet,DURABILITY,
470,0,,phantom_membrane,,
471,0,,crossbow,DURABILITY,
472,0,,spruce_sign,,Sign
473,0,,birch_sign,,Sign
474,0,,jungle_sign,,Sign
475,0,,acacia_sign,,Sign
476,0,,dark_oak_sign,,Sign
477,0,,sweet_berries,,
500,0,,music_disc_13,,
501,0,,music_disc_cat,,
502,0,,music_disc_blocks,,
503,0,,music_disc_chirp,,
504,0,,music_disc_far,,
505,0,,music_disc_mall,,
506,0,,music_disc_mellohi,,
507,0,,music_disc_stal,,
508,0,,music_disc_strad,,
509,0,,music_disc_ward,,
510,0,,music_disc_11,,
511,0,,music_disc_wait,,
513,0,,shield,DURABILITY | SHIELD,
acacia_boat,5,,acacia_boat,,
acacia_button,5,,acacia_button,,
acacia_door,5,,acacia_door,,
acacia_fence_gate,5,,acacia_fence_gate,,
acacia_pressure_plate,5,,acacia_pressure_plate,,
acacia_sign,5,,acacia_sign,,Sign
acacia_stairs,5,,acacia_stairs,,
acacia_trapdoor,5,,acacia_trapdoor,,
activator_rail,5,,activator_rail,,
amethyst_block,5,,amethyst_block,,
amethyst_cluster,5,,amethyst_cluster,,
amethyst_shard,5,,amethyst_shard,,
ancient_debris,5,,ancient_debris,,
andesite_stairs,5,,andesite_stairs,,
anvil,5,0,anvil,,
,5,4,chipped_anvil,,
,5,8,damaged_anvil,,
apple,5,,apple,,
appleEnchanted,5,,enchanted_golden_apple,,
appleenchanted,5,,enchanted_golden_apple,,
armor_stand,5,,armor_stand,,
arrow,5,,arrow,ARROW,
axolotl_bucket,5,,axolotl_bucket,,
azalea,19,,azalea,,
azalea_leaves,19,,azalea_leaves,,
azalea_leaves_flowered,19,,flowering_azalea_leaves,,
baked_potato,5,,baked_potato,,
bamboo,5,,bamboo,,
banner,5,15,white_banner,,Banner
,5,14,orange_banner,,Banner
,5,13,magenta_banner,,Banner
,5,12,light_blue_banner,,Banner
,5,11,yellow_banner,,Banner
,5,10,lime_banner,,Banner
,5,9,pink_banner,,Banner
,5,8,gray_banner,,Banner
,5,7,light_gray_banner,,Banner
,5,6,cyan_banner,,Banner
,5,5,purple_banner,,Banner
,5,4,blue_banner,,Banner
,5,3,brown_banner,,Banner
,5,2,green_banner,,Banner
,5,1,red_banner,,Banner
,5,0,black_banner,,Banner
banner_pattern,5,0,creeper_banner_pattern,,
,5,1,skull_banner_pattern,,
,5,2,flower_banner_pattern,,
,5,3,mojang_banner_pattern,,
barrel,5,,barrel,,Barrel
barrier,5,,barrier,,
basalt,5,,basalt,,
bat_spawn_egg,5,,bat_spawn_egg,SPAWN_EGG,
beacon,5,,beacon,,Beacon
bed,5,0,white_bed,,
,5,1,orange_bed,,
,5,2,magenta_bed,,
,5,3,light_blue_bed,,
,5,4,yellow_bed,,
,5,5,lime_bed,,
,5,6,pink_bed,,
,5,7,gray_bed,,
,5,8,light_gray_bed,,
,5,9,cyan_bed,,
,5,10,purple_bed,,
,5,11,blue_bed,,
,5,12,brown_bed,,
,5,13,green_bed,,
,5,14,red_bed,,
,5,15,black_bed,,
bedrock,5,,bedrock,,
bee_nest,5,,bee_nest,,Beehive
beef,5,,beef,,
beehive,5,,beehive,,Beehive
beetroot,5,,beetroot,,
beetroot_seeds,5,,beetroot_seeds,,
beetroot_soup,5,,beetroot_soup,,
beetroots,5,,beetroots,,
bell,5,,bell,,Bell
big_dripleaf,19,,big_dripleaf,,
birch_boat,5,,birch_boat,,
birch_button,5,,birch_button,,
birch_door,5,,birch_door,,
birch_fence_gate,5,,birch_fence_gate,,
birch_pressure_plate,5,,birch_pressure_plate,,
birch_sign,5,,birch_sign,,Sign
birch_stairs,5,,birch_stairs,,
birch_trapdoor,5,,birch_trapdoor,,
black_candle,5,,black_candle,,
black_dye,5,,black_dye,,
black_glazed_terracotta,5,,black_glazed_terracotta,,
blackstone,5,,blackstone,,
blackstone_slab,5,,blackstone_slab,,
blackstone_stairs,5,,blackstone_stairs,,
blackstone_wall,5,,blackstone_wall,,
blast_furnace,5,,blast_furnace,,BlastFurnace
blaze_powder,5,,blaze_powder,,
blaze_rod,5,,blaze_rod,,
blaze_spawn_egg,5,,blaze_spawn_egg,SPAWN_EGG,
blue_candle,5,,blue_candle,,
blue_dye,5,,blue_dye,,
blue_glazed_terracotta,5,,blue_glazed_terracotta,,
blue_ice,5,,blue_ice,,
boat,5,0,oak_boat,,
,5,1,spruce_boat,,
,5,2,birch_boat,,
,5,3,jungle_boat,,
,5,4,acacia_boat,,
,5,5,dark_oak_boat,,
bone,5,,bone,,
bone_block,5,,bone_block,,
bone_meal,5,,bone_meal,,
book,5,,book,,
bookshelf,5,,bookshelf,,
bow,5,,bow,DURABILITY,
bowl,5,,bowl,,
bread,5,,bread,,
brewing_stand,5,,brewing_stand,,BrewingStand
brick,5,,brick,,
brick_block,5,,bricks,,
brick_stairs,5,,brick_stairs,,
brown_candle,5,,brown_candle,,
brown_dye,5,,brown_dye,,
brown_glazed_terracotta,5,,brown_glazed_terracotta,,
brown_mushroom,5,,brown_mushroom,,
brown_mushroom_block,5,14,mushroom_stem,,
,5,,brown_mushroom_block,,
bucket,5,0,bucket,,
,5,,bucket,,
,5,1,milk_bucket,,
,5,2,cod_bucket,,
,5,3,salmon_bucket,,
,5,4,tropical_fish_bucket,,
,5,5,pufferfish_bucket,,
,5,8,water_bucket,,
,5,10,lava_bucket,,
budding_amethyst,5,,budding_amethyst,,
cactus,5,,cactus,,
cake,5,,cake,,
calcite,5,,calcite,,
campfire,5,,campfire,,Campfire
candle,5,,candle,,
carpet,5,0,white_carpet,,
,5,1,orange_carpet,,
,5,2,magenta_carpet,,
,5,3,light_blue_carpet,,
,5,4,yellow_carpet,,
,5,5,lime_carpet,,
,5,6,pink_carpet,,
,5,7,gray_carpet,,
,5,8,light_gray_carpet,,
,5,9,cyan_carpet,,
,5,10,purple_carpet,,
,5,11,blue_carpet,,
,5,12,brown_carpet,,
,5,13,green_carpet,,
,5,14,red_carpet,,
,5,15,black_carpet,,
carrot,5,,carrot,,
carrotOnAStick,5,,carrot_on_a_stick,DURABILITY,
carrot_on_a_stick,5,,carrot_on_a_stick,DURABILITY,
carrotonastick,5,,carrot_on_a_stick,DURABILITY,
carrots,5,,carrots,,
cartography_table,5,,cartography_table,,
carved_pumpkin,5,,carved_pumpkin,,
cauldron,5,,cauldron,,
cave_spider_spawn_egg,5,,cave_spider_spawn_egg,SPAWN_EGG,
chain,5,,chain,,
chain_command_block,5,,chain_command_block,,CommandBlock
chainmail_boots,5,,chainmail_boots,DURABILITY,
chainmail_chestplate,5,,chainmail_chestplate,DURABILITY,
chainmail_helmet,5,,chainmail_helmet,DURABILITY,
chainmail_leggings,5,,chainmail_leggings,DURABILITY,
charcoal,5,,charcoal,,
chest,5,,chest,,Chest
chest_minecart,5,,chest_minecart,,
chicken,5,,chicken,,
chicken_spawn_egg,5,,chicken_spawn_egg,SPAWN_EGG,
chiseled_deepslate,5,,chiseled_deepslate,,
chiseled_nether_bricks,5,,chiseled_nether_bricks,,
chiseled_polished_blackstone,5,,chiseled_polished_blackstone,,
chorus_flower,5,,chorus_flower,,
chorus_fruit,5,,chorus_fruit,,
chorus_fruit_popped,5,,popped_chorus_fruit,,
chorus_plant,5,,chorus_plant,,
clay,5,,clay,,
clay_ball,5,,clay_ball,,
clock,5,,clock,,
clownfish,5,,tropical_fish,,
coal,5,0,coal,,
,5,,coal,,
,5,1,charcoal,,
coal_block,5,,coal_block,,
coal_ore,5,,coal_ore,,
cobbled_deepslate,5,,cobbled_deepslate,,
cobbled_deepslate_slab,5,,cobbled_deepslate_slab,,
cobbled_deepslate_stairs,5,,cobbled_deepslate_stairs,,
cobbled_deepslate_wall,5,,cobbled_deepslate_wall,,
cobblestone,5,,cobblestone,,
cobblestone_wall,5,0,cobblestone_wall,,
,5,1,mossy_cobblestone_wall,,
,5,2,granite_wall,,
,5,3,diorite_wall,,
,5,4,andesite_wall,,
,5,5,sandstone_wall,,
,5,6,brick_wall,,
,5,7,stone_brick_wall,,
,5,8,mossy_stone_brick_wall,,
,5,9,end_stone_brick_wall,,
,5,10,nether_brick_wall,,
,5,11,prismarine_wall,,
,5,12,red_sandstone_wall,,
,5,13,red_nether_brick_wall,,
cocoa,5,,cocoa,,
cocoa_beans,5,,cocoa_beans,,
cod,5,,cod,,
cod_bucket,5,,cod_bucket,,
command_block,5,,command_block,,
command_block_minecart,5,,command_block_minecart,,
comparator,5,,comparator,,Comparator
compass,5,,compass,,
composter,5,,composter,,
concrete,5,0,white_concrete,,
,5,1,orange_concrete,,
,5,2,magenta_concrete,,
,5,3,light_blue_concrete,,
,5,4,yellow_concrete,,
,5,5,lime_concrete,,
,5,6,pink_concrete,,
,5,7,gray_concrete,,
,5,8,light_gray_concrete,,
,5,9,cyan_concrete,,
,5,10,purple_concrete,,
,5,11,blue_concrete,,
,5,12,brown_concrete,,
,5,13,green_concrete,,
,5,14,red_concrete,,
,5,15,black_concrete,,
concrete_powder,5,0,white_concrete_powder,,
,5,1,orange_concrete_powder,,
,5,2,magenta_concrete_powder,,
,5,3,light_blue_concrete_powder,,
,5,4,yellow_concrete_powder,,
,5,5,lime_concrete_powder,,
,5,6,pink_concrete_powder,,
,5,7,gray_concrete_powder,,
,5,8,light_gray_concrete_powder,,
,5,9,cyan_concrete_powder,,
,5,10,purple_concrete_powder,,
,5,11,blue_concrete_powder,,
,5,12,brown_concrete_powder,,
,5,13,green_concrete_powder,,
,5,14,red_concrete_powder,,
,5,15,black_concrete_powder,,
conduit,5,,conduit,,
cooked_beef,5,,cooked_beef,,
cooked_chicken,5,,cooked_chicken,,
cooked_cod,5,,cooked_cod,,
cooked_fish,5,,cooked_cod,,
cooked_mutton,5,,cooked_mutton,,
cooked_porkchop,5,,cooked_porkchop,,
cooked_rabbit,5,,cooked_rabbit,,
cooked_salmon,5,,cooked_salmon,,
cookie,5,,cookie,,
copper_block,19,,copper_block,,
copper_ingot,5,,copper_ingot,,
copper_ore,19,,copper_ore,,
coral,5,0,tube_coral,,
,5,1,brain_coral,,
,5,2,bubble_coral,,
,5,3,fire_coral,,
,5,4,horn_coral,,
coral_block,5,0,tube_coral_block,,
,5,1,brain_coral_block,,
,5,2,bubble_coral_block,,
,5,3,fire_coral_block,,
,5,4,horn_coral_block,,
,5,8,dead_tube_coral_block,,
,5,9,dead_brain_coral_block,,
,5,10,dead_bubble_coral_block,,
,5,11,dead_fire_coral_block,,
,5,12,dead_horn_coral_block,,
coral_fan,5,0,tube_coral_fan,,
,5,1,brain_coral_fan,,
,5,2,bubble_coral_fan,,
,5,3,fire_coral_fan,,
,5,4,horn_coral_fan,,
coral_fan_dead,5,0,dead_tube_coral_fan,,
,5,1,dead_brain_coral_fan,,
,5,2,dead_bubble_coral_fan,,
,5,3,dead_fire_coral_fan,,
,5,4,dead_horn_coral_fan,,
cow_spawn_egg,5,,cow_spawn_egg,SPAWN_EGG,
cracked_deepslate_bricks,5,,cracked_deepslate_bricks,,
cracked_deepslate_tiles,5,,cracked_deepslate_tiles,,
cracked_nether_bricks,5,,cracked_nether_bricks,,
cracked_polished_blackstone_bricks,5,,cracked_polished_blackstone_bricks,,
crafting_table,5,,crafting_table,,
creeper_banner_pattern,5,,creeper_banner_pattern,,
creeper_spawn_egg,5,,creeper_spawn_egg,SPAWN_EGG,
crimson_button,5,,crimson_button,,
crimson_door,5,,crimson_door,,
crimson_fence,5,,crimson_fence,,
crimson_fence_gate,5,,crimson_fence_gate,,
crimson_fungus,5,,crimson_fungus,,
crimson_hyphae,5,,crimson_hyphae,,
crimson_nylium,5,,crimson_nylium,,
crimson_planks,5,,crimson_planks,,
crimson_pressure_plate,5,,crimson_pressure_plate,,
crimson_roots,5,,crimson_roots,,
crimson_sign,5,,crimson_sign,,
crimson_slab,5,,crimson_slab,,
crimson_stairs,5,,crimson_stairs,,
crimson_stem,5,,crimson_stem,,
crimson_trapdoor,5,,crimson_trapdoor,,
crossbow,5,,crossbow,DURABILITY,
crying_obsidian,5,,crying_obsidian,,
cut_copper,19,,cut_copper,,
cut_copper_slab,19,,cut_copper_slab,,
cut_copper_stairs,19,,cut_copper_stairs,,
cyan_candle,5,,cyan_candle,,
cyan_dye,5,,cyan_dye,,
cyan_glazed_terracotta,5,,cyan_glazed_terracotta,,
dark_oak_boat,5,,dark_oak_boat,,
dark_oak_button,5,,dark_oak_button,,
dark_oak_door,5,,dark_oak_door,,
dark_oak_fence_gate,5,,dark_oak_fence_gate,,
dark_oak_pressure_plate,5,,dark_oak_pressure_plate,,
dark_oak_stairs,5,,dark_oak_stairs,,
dark_oak_trapdoor,5,,dark_oak_trapdoor,,
dark_prismarine_stairs,5,,dark_prismarine_stairs,,
darkoak_sign,5,,dark_oak_sign,,Sign
daylight_detector,5,,daylight_detector,,
deadbush,5,,dead_bush,,
deepslate,5,,deepslate,,
deepslate_brick_slab,5,,deepslate_brick_slab,,
deepslate_brick_stairs,5,,deepslate_brick_stairs,,
deepslate_brick_wall,5,,deepslate_brick_wall,,
deepslate_bricks,5,,deepslate_bricks,,
deepslate_coal_ore,5,,deepslate_coal_ore,,
deepslate_copper_ore,5,,deepslate_copper_ore,,
deepslate_diamond_ore,5,,deepslate_diamond_ore,,
deepslate_emerald_ore,5,,deepslate_emerald_ore,,
deepslate_gold_ore,5,,deepslate_gold_ore,,
deepslate_iron_ore,5,,deepslate_iron_ore,,
deepslate_lapis_ore,5,,deepslate_lapis_ore,,
deepslate_redstone_ore,5,,deepslate_redstone_ore,,
deepslate_tile_slab,5,,deepslate_tile_slab,,
deepslate_tile_stairs,5,,deepslate_tile_stairs,,
deepslate_tile_wall,5,,deepslate_tile_wall,,
deepslate_tiles,5,,deepslate_tiles,,
detector_rail,5,,detector_rail,,
diamond,5,,diamond,,
diamond_axe,5,,diamond_axe,DURABILITY,
diamond_block,5,,diamond_block,,
diamond_boots,5,,diamond_boots,DURABILITY,
diamond_chestplate,5,,diamond_chestplate,DURABILITY,
diamond_helmet,5,,diamond_helmet,DURABILITY,
diamond_hoe,5,,diamond_hoe,DURABILITY,
diamond_horse_armor,5,,diamond_horse_armor,,
diamond_leggings,5,,diamond_leggings,DURABILITY,
diamond_ore,5,,diamond_ore,,
diamond_pickaxe,5,,diamond_pickaxe,DURABILITY,
diamond_shovel,5,,diamond_shovel,DURABILITY,
diamond_sword,5,,diamond_sword,DURABILITY,
diorite_stairs,5,,diorite_stairs,,
dirt,5,0,dirt,,
,5,1,coarse_dirt,,
dirt_with_roots,5,,rooted_dirt,,
dispenser,5,,dispenser,,Dispenser
donkey_spawn_egg,5,,donkey_spawn_egg,SPAWN_EGG,
double_plant,5,2,tall_grass,,
,5,0,sunflower,,
,5,1,lilac,,
,5,3,large_fern,,
,5,4,rose_bush,,
,5,5,peony,,
double_stone_slab,5,0,smooth_stone_slab,,
,5,1,sandstone_slab,,
,5,2,oak_slab,,
,5,3,cobblestone_slab,,
,5,4,brick_slab,,
,5,5,stone_brick_slab,,
,5,6,quartz_slab,,
,5,7,nether_brick_slab,,
double_stone_slab2,5,0,red_sandstone_slab,,
,5,1,purpur_slab,,
,5,2,prismarine_slab,,
,5,4,prismarine_brick_slab,,
,5,3,dark_prismarine_slab,,
,5,5,mossy_cobblestone_slab,,
,5,6,smooth_sandstone_slab,,
,5,7,red_nether_brick_slab,,
double_stone_slab3,5,0,end_stone_brick_slab,,
,5,1,smooth_red_sandstone_slab,,
,5,2,polished_andesite_slab,,
,5,3,andesite_slab,,
,5,4,diorite_slab,,
,5,5,polished_diorite_slab,,
,5,6,granite_slab,,
,5,7,polished_granite_slab,,
double_stone_slab4,5,0,mossy_stone_brick_slab,,
,5,1,smooth_quartz_slab,,
,5,2,stone_slab,,
,5,3,cut_sandstone_slab,,
,5,4,cut_red_sandstone,,
dragon_breath,5,,dragon_breath,,
dragon_egg,5,,dragon_egg,,
dried_kelp,5,,dried_kelp,,
dried_kelp_block,5,,dried_kelp_block,,
dripstone_block,19,,dripstone_block,,
dropper,5,,dropper,,Dropper
dye,5,0,ink_sac,,
,5,1,red_dye,,
,5,2,green_dye,,
,5,3,cocoa_beans,,
,5,4,lapis_lazuli,,
,5,5,purple_dye,,
,5,6,cyan_dye,,
,5,7,light_gray_dye,,
,5,8,gray_dye,,
,5,9,pink_dye,,
,5,10,lime_dye,,
,5,11,yellow_dye,,
,5,12,light_blue_dye,,
,5,13,magenta_dye,,
,5,14,orange_dye,,
,5,15,bone_meal,,
,5,16,black_dye,,
,5,17,brown_dye,,
,5,18,blue_dye,,
,5,19,white_dye,,
egg,5,,egg,,
elder_guardian_spawn_egg,5,,elder_guardian_spawn_egg,SPAWN_EGG,
elytra,5,,elytra,DURABILITY,
emerald,5,,emerald,,
emerald_block,5,,emerald_block,,
emerald_ore,5,,emerald_ore,,
emptyMap,5,,map,,
empty_map,5,,map,,
emptymap,5,,map,,
enchanted_book,5,,enchanted_book,STORED_ENCH,
enchanted_golden_apple,5,,enchanted_golden_apple,,
enchanting_table,5,,enchanting_table,,
end_brick_stairs,5,,end_stone_brick_stairs,,
end_bricks,5,,end_stone_bricks,,
end_crystal,5,,end_crystal,,
end_gateway,5,,end_gateway,,EndGateway
end_portal,5,,end_portal,,
end_portal_frame,5,,end_portal_frame,,
end_rod,5,,end_rod,,
end_stone,5,,end_stone,,
ender_chest,5,,ender_chest,,
ender_eye,5,,ender_eye,,
ender_pearl,5,,ender_pearl,,
enderman_spawn_egg,5,,enderman_spawn_egg,SPAWN_EGG,
endermite_spawn_egg,5,,endermite_spawn_egg,SPAWN_EGG,
evoker_spawn_egg,5,,evoker_spawn_egg,SPAWN_EGG,
experience_bottle,5,,experience_bottle,,
exposed_copper,19,,exposed_copper,,
exposed_cut_copper,19,,exposed_cut_copper,,
exposed_cut_copper_slab,19,,exposed_cut_copper_slab,,
exposed_cut_copper_stairs,19,,exposed_cut_copper_stairs,,
farmland,5,,farmland,,
feather,5,,feather,,
fence,5,0,oak_fence,,
,5,1,spruce_fence,,
,5,2,birch_fence,,
,5,3,jungle_fence,,
,5,4,acacia_fence,,
,5,5,dark_oak_fence,,
fence_gate,5,,oak_fence_gate,,
fermented_spider_eye,5,,fermented_spider_eye,,
filled_map,5,,filled_map,,
fire,5,,fire,,
fire_charge,5,,fire_charge,,
fireball,5,,fire_charge,,
firework_rocket,5,,firework_rocket,FIREWORK,
firework_star,5,,firework_star,FIREWORK_CHARGE,
fireworks,5,,firework_rocket,FIREWORK,
fireworksCharge,5,,firework_star,FIREWORK_CHARGE,
fireworkscharge,5,,firework_star,FIREWORK_CHARGE,
fish,5,,cod,,
fishing_rod,5,,fishing_rod,DURABILITY,
fletching_table,5,,fletching_table,,
flint,5,,flint,,
flint_and_steel,5,,flint_and_steel,DURABILITY,
flower_banner_pattern,5,,flower_banner_pattern,,
flower_pot,5,,flower_pot,,
flowering_azalea,19,,flowering_azalea,,
flowing_lava,5,,flowing_lava,,
flowing_water,5,,flowing_water,,
frame,5,,item_frame,,
frosted_ice,5,,frosted_ice,,
furnace,5,,furnace,,Furnace
ghast_spawn_egg,5,,ghast_spawn_egg,SPAWN_EGG,
ghast_tear,5,,ghast_tear,,
gilded_blackstone,5,,gilded_blackstone,,
glass,5,,glass,,
glass_bottle,5,,glass_bottle,,
glass_pane,5,,glass_pane,,
glazedTerracotta.black,5,,black_glazed_terracotta,,
glazedTerracotta.blue,5,,blue_glazed_terracotta,,
glazedTerracotta.brown,5,,brown_glazed_terracotta,,
glazedTerracotta.cyan,5,,cyan_glazed_terracotta,,
glazedTerracotta.gray,5,,gray_glazed_terracotta,,
glazedTerracotta.green,5,,green_glazed_terracotta,,
glazedTerracotta.light_blue,5,,light_blue_glazed_terracotta,,
glazedTerracotta.lime,5,,lime_glazed_terracotta,,
glazedTerracotta.magenta,5,,magenta_glazed_terracotta,,
glazedTerracotta.orange,5,,orange_glazed_terracotta,,
glazedTerracotta.pink,5,,pink_glazed_terracotta,,
glazedTerracotta.purple,5,,purple_glazed_terracotta,,
glazedTerracotta.red,5,,red_glazed_terracotta,,
glazedTerracotta.silver,5,,light_gray_glazed_terracotta,,
glazedTerracotta.white,5,,white_glazed_terracotta,,
glazedTerracotta.yellow,5,,yellow_glazed_terracotta,,
glistering_melon_slice,5,,glistering_melon_slice,,
glow_berries,19,,glow_berries,,
glow_frame,5,,glow_item_frame,,
glow_ink_sac,19,,glow_ink_sac,,
glow_lichen,5,,glow_lichen,,
glowstone,5,,glowstone,,
glowstone_dust,5,,glowstone_dust,,
gold_block,5,,gold_block,,
gold_ingot,5,,gold_ingot,,
gold_nugget,5,,gold_nugget,,
gold_ore,5,,gold_ore,,
golden_apple,5,,golden_apple,,
golden_axe,5,,golden_axe,DURABILITY,
golden_boots,5,,golden_boots,DURABILITY,
golden_carrot,5,,golden_carrot,,
golden_chestplate,5,,golden_chestplate,DURABILITY,
golden_helmet,5,,golden_helmet,DURABILITY,
golden_hoe,5,,golden_hoe,DURABILITY,
golden_horse_armor,5,,golden_horse_armor,,
golden_leggings,5,,golden_leggings,DURABILITY,
golden_pickaxe,5,,golden_pickaxe,DURABILITY,
golden_rail,5,,powered_rail,,
golden_shovel,5,,golden_shovel,DURABILITY,
golden_sword,5,,golden_sword,DURABILITY,
granite_stairs,5,,granite_stairs,,
grass,5,,grass_block,,
grass_path,5,,dirt_path,,
gravel,5,,gravel,,
gray_candle,5,,gray_candle,,
gray_dye,5,,gray_dye,,
gray_glazed_terracotta,5,,gray_glazed_terracotta,,
green_candle,5,,green_candle,,
green_dye,5,,green_dye,,
green_glazed_terracotta,5,,green_glazed_terracotta,,
grindstone,5,,grindstone,,
guardian_spawn_egg,5,,guardian_spawn_egg,SPAWN_EGG,
gunpowder,5,,gunpowder,,
hanging_roots,5,,hanging_roots,,
hardened_clay,5,,terracotta,,
hay_block,5,,hay_block,,
heart_of_the_sea,5,,heart_of_the_sea,,
heavy_weighted_pressure_plate,5,,heavy_weighted_pressure_plate,,
honey_block,5,,honey_block,,
honey_bottle,5,,honey_bottle,,
honeycomb,5,,honeycomb,,
honeycomb_block,5,,honeycomb_block,,
hopper,5,,hopper,,Hopper
hopper_minecart,5,,hopper_minecart,,
horse_spawn_egg,5,,horse_spawn_egg,SPAWN_EGG,
horsearmordiamond,5,,diamond_horse_armor,,
horsearmorgold,5,,golden_horse_armor,,
horsearmoriron,5,,iron_horse_armor,,
horsearmorleather,5,,leather_horse_armor,,
husk_spawn_egg,5,,husk_spawn_egg,SPAWN_EGG,
ice,5,,ice,,
impulse_command_block,5,,command_block,,
infested_deepslate,5,,infested_deepslate,,
ink_sac,5,,ink_sac,,
iron_axe,5,,iron_axe,DURABILITY,
iron_bars,5,,iron_bars,,
iron_block,5,,iron_block,,
iron_boots,5,,iron_boots,DURABILITY,
iron_chestplate,5,,iron_chestplate,DURABILITY,
iron_door,5,,iron_door,,
iron_helmet,5,,iron_helmet,DURABILITY,
iron_hoe,5,,iron_hoe,DURABILITY,
iron_horse_armor,5,,iron_horse_armor,,
iron_ingot,5,,iron_ingot,,
iron_leggings,5,,iron_leggings,DURABILITY,
iron_nugget,5,,iron_nugget,,
iron_ore,5,,iron_ore,,
iron_pickaxe,5,,iron_pickaxe,DURABILITY,
iron_shovel,5,,iron_shovel,DURABILITY,
iron_sword,5,,iron_sword,DURABILITY,
iron_trapdoor,5,,iron_trapdoor,,
jukebox,5,,jukebox,,Jukebox
jungle_boat,5,,jungle_boat,,
jungle_button,5,,jungle_button,,
jungle_door,5,,jungle_door,,
jungle_fence_gate,5,,jungle_fence_gate,,
jungle_pressure_plate,5,,jungle_pressure_plate,,
jungle_sign,5,,jungle_sign,,Sign
jungle_stairs,5,,jungle_stairs,,
jungle_trapdoor,5,,jungle_trapdoor,,
kelp,5,,kelp,,
ladder,5,,ladder,,
lantern,5,,lantern,,
lapis_block,5,,lapis_block,,
lapis_lazuli,5,,lapis_lazuli,,
lapis_ore,5,,lapis_ore,,
large_amethyst_bud,5,,large_amethyst_bud,,
lava,5,,lava,,
lava_bucket,5,,lava_bucket,,
lead,5,,lead,,
leather,5,,leather,,
leather_boots,5,,leather_boots,DURABILITY | COLORED,
leather_chestplate,5,,leather_chestplate,DURABILITY | COLORED,
leather_helmet,5,,leather_helmet,DURABILITY | COLORED,
leather_horse_armor,5,,leather_horse_armor,,
leather_leggings,5,,leather_leggings,DURABILITY | COLORED,
leaves,5,0,oak_leaves,,
,5,1,spruce_leaves,,
,5,2,birch_leaves,,
,5,3,jungle_leaves,,
leaves2,5,0,acacia_leaves,,
,5,1,dark_oak_leaves,,
lectern,5,,lectern,,Lectern
lever,5,,lever,,
light_blue_candle,5,,light_blue_candle,,
light_blue_dye,5,,light_blue_dye,,
light_blue_glazed_terracotta,5,,light_blue_glazed_terracotta,,
light_gray_candle,5,,light_gray_candle,,
light_gray_dye,5,,light_gray_dye,,
light_weighted_pressure_plate,5,,light_weighted_pressure_plate,,
lightning_rod,19,,lightning_rod,,
lime_candle,5,,lime_candle,,
lime_dye,5,,lime_dye,,
lime_glazed_terracotta,5,,lime_glazed_terracotta,,
lingering_potion,5,,lingering_potion,POTION,
lit_pumpkin,5,,jack_o_lantern,,
llama_spawn_egg,5,,llama_spawn_egg,SPAWN_EGG,
lodestone,5,,lodestone,,
log,5,0,oak_log,,
,5,1,spruce_log,,
,5,2,birch_log,,
,5,3,jungle_log,,
log2,5,0,acacia_log,,
,5,1,dark_oak_log,,
loom,5,,loom,,
magenta_candle,5,,magenta_candle,,
magenta_dye,5,,magenta_dye,,
magenta_glazed_terracotta,5,,magenta_glazed_terracotta,,
magma,5,,magma_block,,
magma_cream,5,,magma_cream,,
magma_cube_spawn_egg,5,,magma_cube_spawn_egg,SPAWN_EGG,
map,5,,filled_map,,
,5,,filled_map,,
medium_amethyst_bud,5,,medium_amethyst_bud,,
melon,5,,melon_slice,,
melon_block,5,,melon,,
melon_seeds,5,,melon_seeds,,
melon_slice,5,,melon_slice,,
melon_stem,5,,melon_stem,,
milk_bucket,5,,milk_bucket,,
minecart,5,,minecart,,
mob_spawner,5,,spawner,,
mojang_banner_pattern,5,,mojang_banner_pattern,,
monster_egg,5,0,infested_stone,,
,5,1,infested_cobblestone,,
,5,2,infested_stone_bricks,,
,5,3,infested_cracked_stone_bricks,,
,5,4,infested_mossy_stone_bricks,,
,5,5,infested_chiseled_stone_bricks,,
mooshroom_spawn_egg,5,,mooshroom_spawn_egg,SPAWN_EGG,
moss_block,5,,moss_block,,
moss_carpet,5,,moss_carpet,,
mossy_cobblestone,5,,mossy_cobblestone,,
mossy_cobblestone_stairs,5,,mossy_cobblestone_stairs,,
mossy_stone_brick_stairs,5,,mossy_stone_brick_stairs,,
mule_spawn_egg,5,,mule_spawn_egg,SPAWN_EGG,
mushroom_stew,5,,mushroom_stew,,
music_disc_11,5,,music_disc_11,,
music_disc_13,5,,music_disc_13,,
music_disc_blocks,5,,music_disc_blocks,,
music_disc_cat,5,,music_disc_cat,,
music_disc_chirp,5,,music_disc_chirp,,
music_disc_far,5,,music_disc_far,,
music_disc_mall,5,,music_disc_mall,,
music_disc_mellohi,5,,music_disc_mellohi,,
music_disc_pigstep,5,,music_disc_pigstep,,
music_disc_stal,5,,music_disc_stal,,
music_disc_strad,5,,music_disc_strad,,
music_disc_wait,5,,music_disc_wait,,
music_disc_ward,5,,music_disc_ward,,
mutton,5,,mutton,,
muttonCooked,5,,cooked_mutton,,
muttonRaw,5,,mutton,,
muttoncooked,5,,cooked_mutton,,
muttonraw,5,,mutton,,
mycelium,5,,mycelium,,
name_tag,5,,name_tag,,
nautilus_shell,5,,nautilus_shell,,
netherStar,5,,nether_star,,
nether_brick,5,,nether_bricks,,
nether_brick_fence,5,,nether_brick_fence,,
nether_brick_stairs,5,,nether_brick_stairs,,
nether_gold_ore,5,,nether_gold_ore,,
nether_sprouts,5,,nether_sprouts,,
nether_star,5,,nether_star,,
nether_wart,5,,nether_wart,,
nether_wart_block,5,,nether_wart_block,,
netherbrick,5,,nether_brick,,
netherite_axe,5,,netherite_axe,DURABILITY,
netherite_block,5,,netherite_block,,
netherite_boots,5,,netherite_boots,DURABILITY,
netherite_chestplate,5,,netherite_chestplate,DURABILITY,
netherite_helmet,5,,netherite_helmet,DURABILITY,
netherite_hoe,5,,netherite_hoe,DURABILITY,
netherite_ingot,5,,netherite_ingot,,
netherite_leggings,5,,netherite_leggings,DURABILITY,
netherite_pickaxe,5,,netherite_pickaxe,DURABILITY,
netherite_scrap,5,,netherite_scrap,,
netherite_shovel,5,,netherite_shovel,DURABILITY,
netherite_sword,5,,netherite_sword,DURABILITY,
netherrack,5,,netherrack,,
netherstar,5,,nether_star,,
normal_stone_stairs,5,,stone_stairs,,
noteblock,5,,note_block,,Music
oak_boat,5,,oak_boat,,
oak_stairs,5,,oak_stairs,,
observer,5,,observer,,
obsidian,5,,obsidian,,
ocelot_spawn_egg,5,,ocelot_spawn_egg,SPAWN_EGG,
orange_candle,5,,orange_candle,,
orange_dye,5,,orange_dye,,
orange_glazed_terracotta,5,,orange_glazed_terracotta,,
oxidized_copper,19,,oxidized_copper,,
oxidized_cut_copper,19,,oxidized_cut_copper,,
oxidized_cut_copper_slab,19,,oxidized_cut_copper_slab,,
oxidized_cut_copper_stairs,19,,oxidized_cut_copper_stairs,,
packed_ice,5,,packed_ice,,
painting,5,,painting,,
paper,5,,paper,,
parrot_spawn_egg,5,,parrot_spawn_egg,SPAWN_EGG,
phantom_membrane,5,,phantom_membrane,,
pig_spawn_egg,5,,pig_spawn_egg,SPAWN_EGG,
pink_candle,5,,pink_candle,,
pink_dye,5,,pink_dye,,
pink_glazed_terracotta,5,,pink_glazed_terracotta,,
piston,5,,piston,,
pistonarmcollision,5,,piston_head,,
planks,5,0,oak_planks,,
,5,1,spruce_planks,,
,5,2,birch_planks,,
,5,3,jungle_planks,,
,5,4,acacia_planks,,
,5,5,dark_oak_planks,,
podzol,5,,podzol,,
pointed_dripstone,5,,pointed_dripstone,,
poisonous_potato,5,,poisonous_potato,,
polar_bear_spawn_egg,5,,polar_bear_spawn_egg,SPAWN_EGG,
polished_andesite_stairs,5,,polished_andesite_stairs,,
polished_basalt,5,,polished_basalt,,
polished_blackstone,5,,polished_blackstone,,
polished_blackstone_brick_slab,5,,polished_blackstone_brick_slab,,
polished_blackstone_brick_stairs,5,,polished_blackstone_brick_stairs,,
polished_blackstone_brick_wall,5,,polished_blackstone_brick_wall,,
polished_blackstone_bricks,5,,polished_blackstone_bricks,,
polished_blackstone_button,5,,polished_blackstone_button,,
polished_blackstone_pressure_plate,5,,polished_blackstone_pressure_plate,,
polished_blackstone_slab,5,,polished_blackstone_slab,,
polished_blackstone_stairs,5,,polished_blackstone_stairs,,
polished_blackstone_wall,5,,polished_blackstone_wall,,
polished_deepslate,5,,polished_deepslate,,
polished_deepslate_slab,5,,polished_deepslate_slab,,
polished_deepslate_stairs,5,,polished_deepslate_stairs,,
polished_deepslate_wall,5,,polished_deepslate_wall,,
polished_diorite_stairs,5,,polished_diorite_stairs,,
polished_granite_stairs,5,,polished_granite_stairs,,
porkchop,5,,porkchop,,
potato,5,,potato,,
potatoes,5,,potatoes,,
potion,5,,potion,POTION,
powder_snow,5,,powder_snow,,
powder_snow_bucket,5,,powder_snow_bucket,,
prismarine,5,0,prismarine,,
,5,1,prismarine_bricks,,
,5,2,dark_prismarine,,
prismarine_bricks_stairs,5,,prismarine_brick_stairs,,
prismarine_crystals,5,,prismarine_crystals,,
prismarine_shard,5,,prismarine_shard,,
prismarine_stairs,5,,prismarine_stairs,,
pufferfish,5,,pufferfish,,
pufferfish_bucket,5,,pufferfish_bucket,,
pumpkin,5,,pumpkin,,
pumpkin_pie,5,,pumpkin_pie,,
pumpkin_seeds,5,,pumpkin_seeds,,
pumpkin_stem,5,,pumpkin_stem,,
purple_candle,5,,purple_candle,,
purple_dye,5,,purple_dye,,
purple_glazed_terracotta,5,,purple_glazed_terracotta,,
purpur_block,5,0,purpur_block,,
,5,2,purpur_pillar,,
purpur_stairs,5,,purpur_stairs,,
quartz,5,,quartz,,
quartz_block,5,0,quartz_block,,
,5,1,chiseled_quartz_block,,
,5,2,quartz_pillar,,
quartz_bricks,5,,quartz_bricks,,
quartz_ore,5,,nether_quartz_ore,,
quartz_stairs,5,,quartz_stairs,,
rabbit,5,,rabbit,,
rabbit_foot,5,,rabbit_foot,,
rabbit_hide,5,,rabbit_hide,,
rabbit_spawn_egg,5,,rabbit_spawn_egg,SPAWN_EGG,
rabbit_stew,5,,rabbit_stew,,
rail,5,,rail,,
raw_copper,5,,raw_copper,,
raw_copper_block,5,,raw_copper_block,,
raw_gold,5,,raw_gold,,
raw_gold_block,5,,raw_gold_block,,
raw_iron,5,,raw_iron,,
raw_iron_block,5,,raw_iron_block,,
record_11,5,,music_disc_11,,
record_13,5,,music_disc_13,,
record_blocks,5,,music_disc_blocks,,
record_cat,5,,music_disc_cat,,
record_chirp,5,,music_disc_chirp,,
record_far,5,,music_disc_far,,
record_mall,5,,music_disc_mall,,
record_mellohi,5,,music_disc_mellohi,,
record_pigstep,5,,music_disc_pigstep,,
record_stal,5,,music_disc_stal,,
record_strad,5,,music_disc_strad,,
record_wait,5,,music_disc_wait,,
record_ward,5,,music_disc_ward,,
red_candle,5,,red_candle,,
red_dye,5,,red_dye,,
red_flower,5,0,poppy,,
,5,1,blue_orchid,,
,5,2,allium,,
,5,3,azure_bluet,,
,5,4,red_tulip,,
,5,5,orange_tulip,,
,5,6,white_tulip,,
,5,7,pink_tulip,,
,5,8,oxeye_daisy,,
,5,9,cornflower,,
,5,10,lily_of_the_valley,,
red_glazed_terracotta,5,,red_glazed_terracotta,,
red_mushroom,5,,red_mushroom,,
red_mushroom_block,5,,red_mushroom_block,,
red_nether_brick,5,,red_nether_bricks,,
red_nether_brick_stairs,5,,red_nether_brick_stairs,,
red_sandstone,5,0,red_sandstone,,
,5,1,chiseled_red_sandstone,,
,5,2,smooth_red_sandstone,,
,5,3,cut_red_sandstone,,
red_sandstone_stairs,5,,red_sandstone_stairs,,
redstone,5,,redstone,,
redstone_block,5,,redstone_block,,
redstone_lamp,5,,redstone_lamp,,
redstone_ore,5,,redstone_ore,,
redstone_torch,5,,redstone_torch,,
redstone_wire,5,,redstone_wire,,
reeds,5,,sugar_cane,,
repeater,5,,repeater,,
repeating_command_block,5,,repeating_command_block,,CommandBlock
respawn_anchor,5,,respawn_anchor,,
rotten_flesh,5,,rotten_flesh,,
saddle,5,,saddle,,
salmon,5,,salmon,,
salmon_bucket,5,,salmon_bucket,,
sand,5,0,sand,,
,5,1,red_sand,,
sandstone,5,0,sandstone,,
,5,1,cut_sandstone,,
,5,2,chiseled_sandstone,,
,5,3,smooth_sandstone,,
sandstone_stairs,5,,sandstone_stairs,,
sapling,5,0,oak_sapling,,
,5,1,spruce_sapling,,
,5,2,birch_sapling,,
,5,3,jungle_sapling,,
,5,4,acacia_sapling,,
,5,5,dark_oak_sapling,,
scaffolding,5,,scaffolding,,
sculk_sensor,5,,sculk_sensor,,
scute,5,,scute,,
seaLantern,5,,sea_lantern,,
sea_pickle,5,,sea_pickle,,
seagrass,5,,seagrass,,
sealantern,5,,sea_lantern,,
shears,5,,shears,DURABILITY,
sheep_spawn_egg,5,,sheep_spawn_egg,SPAWN_EGG,
shield,5,,shield,DURABILITY | SHIELD,
shroomlight,5,,shroomlight,,
shulker_box,5,0,white_shulker_box,,ShulkerBox
,5,1,orange_shulker_box,,ShulkerBox
,5,2,magenta_shulker_box,,ShulkerBox
,5,3,light_blue_shulker_box,,ShulkerBox
,5,4,yellow_shulker_box,,ShulkerBox
,5,5,lime_shulker_box,,ShulkerBox
,5,6,pink_shulker_box,,ShulkerBox
,5,7,gray_shulker_box,,ShulkerBox
,5,8,light_gray_shulker_box,,ShulkerBox
,5,9,cyan_shulker_box,,ShulkerBox
,5,10,purple_shulker_box,,ShulkerBox
,5,11,blue_shulker_box,,ShulkerBox
,5,12,brown_shulker_box,,ShulkerBox
,5,13,green_shulker_box,,ShulkerBox
,5,14,red_shulker_box,,ShulkerBox
,5,15,black_shulker_box,,ShulkerBox
shulker_shell,5,,shulker_shell,,
shulker_spawn_egg,5,,shulker_spawn_egg,SPAWN_EGG,
sign,5,,oak_sign,,Sign
silver_glazed_terracotta,5,,light_gray_glazed_terracotta,,
silverfish_spawn_egg,5,,silverfish_spawn_egg,SPAWN_EGG,
skeleton_spawn_egg,5,,skeleton_spawn_egg,SPAWN_EGG,
skull,5,0,skeleton_skull,,
,5,1,wither_skeleton_skull,,
,5,2,zombie_head,,
,5,3,player_head,,
,5,4,creeper_head,,
,5,5,dragon_head,,
skull_banner_pattern,5,,skull_banner_pattern,,
slime,5,,slime_block,,
slime_ball,5,,slime_ball,,
slime_spawn_egg,5,,slime_spawn_egg,SPAWN_EGG,
small_amethyst_bud,5,,small_amethyst_bud,,
small_dripleaf_block,19,,small_dripleaf,,
smithing_table,5,,smithing_table,,
smoker,5,,smoker,,Smoker
smooth_basalt,5,,smooth_basalt,,
smooth_quartz_stairs,5,,smooth_quartz_stairs,,
smooth_red_sandstone_stairs,5,,smooth_red_sandstone_stairs,,
smooth_sandstone_stairs,5,,smooth_sandstone_stairs,,
smooth_stone,5,,smooth_stone,,
snow,5,,snow_block,,
snow_layer,5,,snow,,
snowball,5,,snowball,,
soul_campfire,5,,soul_campfire,,
soul_lantern,5,,soul_lantern,,
soul_sand,5,,soul_sand,,
soul_soil,5,,soul_soil,,
soul_torch,5,,soul_torch,,
spawn_egg,5,0,pig_spawn_egg,SPAWN_EGG,
,5,12,pig_spawn_egg,SPAWN_EGG,
,5,10,chicken_spawn_egg,SPAWN_EGG,
,5,11,cow_spawn_egg,SPAWN_EGG,
,5,13,sheep_spawn_egg,SPAWN_EGG,
,5,16,mooshroom_spawn_egg,SPAWN_EGG,
,5,17,squid_spawn_egg,SPAWN_EGG,
,5,18,rabbit_spawn_egg,SPAWN_EGG,
,5,19,bat_spawn_egg,SPAWN_EGG,
,5,22,ocelot_spawn_egg,SPAWN_EGG,
,5,23,horse_spawn_egg,SPAWN_EGG,
,5,24,donkey_spawn_egg,SPAWN_EGG,
,5,25,mule_spawn_egg,SPAWN_EGG,
,5,27,zombie_horse_spawn_egg,SPAWN_EGG,
,5,28,polar_bear_spawn_egg,SPAWN_EGG,
,5,29,llama_spawn_egg,SPAWN_EGG,
,5,30,parrot_spawn_egg,SPAWN_EGG,
,5,32,zombie_spawn_egg,SPAWN_EGG,
,5,33,creeper_spawn_egg,SPAWN_EGG,
,5,34,skeleton_spawn_egg,SPAWN_EGG,
,5,35,spider_spawn_egg,SPAWN_EGG,
,5,36,zombie_pigman_spawn_egg,SPAWN_EGG,
,5,37,slime_spawn_egg,SPAWN_EGG,
,5,38,enderman_spawn_egg,SPAWN_EGG,
,5,39,silverfish_spawn_egg,SPAWN_EGG,
,5,40,cave_spider_spawn_egg,SPAWN_EGG,
,5,41,ghast_spawn_egg,SPAWN_EGG,
,5,42,magma_cube_spawn_egg,SPAWN_EGG,
,5,43,blaze_spawn_egg,SPAWN_EGG,
,5,45,witch_spawn_egg,SPAWN_EGG,
,5,46,stray_spawn_egg,SPAWN_EGG,
,5,47,husk_spawn_egg,SPAWN_EGG,
,5,48,wither_skeleton_spawn_egg,SPAWN_EGG,
,5,49,guardian_spawn_egg,SPAWN_EGG,
,5,50,elder_guardian_spawn_egg,SPAWN_EGG,
,5,54,shulker_spawn_egg,SPAWN_EGG,
,5,55,endermite_spawn_egg,SPAWN_EGG,
,5,57,vindicator_spawn_egg,SPAWN_EGG,
,5,104,evoker_spawn_egg,SPAWN_EGG,
,5,105,vex_spawn_egg,SPAWN_EGG,
speckled_melon,5,,glistering_melon_slice,,
spider_eye,5,,spider_eye,,
spider_spawn_egg,5,,spider_spawn_egg,SPAWN_EGG,
splash_potion,5,,splash_potion,POTION,
sponge,5,0,sponge,,
,5,1,wet_sponge,,
spore_blossom,5,,spore_blossom,,
spruce_boat,5,,spruce_boat,,
spruce_button,5,,spruce_button,,
spruce_door,5,,spruce_door,,
spruce_fence_gate,5,,spruce_fence_gate,,
spruce_pressure_plate,5,,spruce_pressure_plate,,
spruce_sign,5,,spruce_sign,,Sign
spruce_stairs,5,,spruce_stairs,,
spruce_trapdoor,5,,spruce_trapdoor,,
spyglass,5,,spyglass,,
squid_spawn_egg,5,,squid_spawn_egg,SPAWN_EGG,
stained_glass,5,0,white_stained_glass,,
,5,1,orange_stained_glass,,
,5,2,magenta_stained_glass,,
,5,3,light_blue_stained_glass,,
,5,4,yellow_stained_glass,,
,5,5,lime_stained_glass,,
,5,6,pink_stained_glass,,
,5,7,gray_stained_glass,,
,5,8,light_gray_stained_glass,,
,5,9,cyan_stained_glass,,
,5,10,purple_stained_glass,,
,5,11,blue_stained_glass,,
,5,12,brown_stained_glass,,
,5,13,green_stained_glass,,
,5,14,red_stained_glass,,
,5,15,black_stained_glass,,
stained_glass_pane,5,0,white_stained_glass_pane,,
,5,1,orange_stained_glass_pane,,
,5,2,magenta_stained_glass_pane,,
,5,3,light_blue_stained_glass_pane,,
,5,4,yellow_stained_glass_pane,,
,5,5,lime_stained_glass_pane,,
,5,6,pink_stained_glass_pane,,
,5,7,gray_stained_glass_pane,,
,5,8,light_gray_stained_glass_pane,,
,5,9,cyan_stained_glass_pane,,
,5,10,purple_stained_glass_pane,,
,5,11,blue_stained_glass_pane,,
,5,12,brown_stained_glass_pane,,
,5,13,green_stained_glass_pane,,
,5,14,red_stained_glass_pane,,
,5,15,black_stained_glass_pane,,
stained_hardened_clay,5,0,white_terracotta,,
,5,1,orange_terracotta,,
,5,2,magenta_terracotta,,
,5,3,light_blue_terracotta,,
,5,4,yellow_terracotta,,
,5,5,lime_terracotta,,
,5,6,pink_terracotta,,
,5,7,gray_terracotta,,
,5,8,light_gray_terracotta,,
,5,9,cyan_terracotta,,
,5,10,purple_terracotta,,
,5,11,blue_terracotta,,
,5,12,brown_terracotta,,
,5,13,green_terracotta,,
,5,14,red_terracotta,,
,5,15,black_terracotta,,
standing_banner,5,,white_banner,,Banner
stick,5,,stick,,
sticky_piston,5,,sticky_piston,,
stone,5,0,stone,,
,5,1,granite,,
,5,2,polished_granite,,
,5,3,diorite,,
,5,4,polished_diorite,,
,5,5,andesite,,
,5,6,polished_andesite,,
stone_axe,5,,stone_axe,DURABILITY,
stone_brick_stairs,5,,stone_brick_stairs,,
stone_button,5,,stone_button,,
stone_hoe,5,,stone_hoe,DURABILITY,
stone_pickaxe,5,,stone_pickaxe,DURABILITY,
stone_pressure_plate,5,,stone_pressure_plate,,
stone_shovel,5,,stone_shovel,DURABILITY,
stone_slab,5,0,smooth_stone_slab,,
,5,1,sandstone_slab,,
,5,2,oak_slab,,
,5,3,cobblestone_slab,,
,5,4,brick_slab,,
,5,5,stone_brick_slab,,
,5,6,quartz_slab,,
,5,7,nether_brick_slab,,
stone_slab2,5,0,red_sandstone_slab,,
,5,1,purpur_slab,,
,5,2,prismarine_slab,,
,5,4,prismarine_brick_slab,,
,5,3,dark_prismarine_slab,,
,5,5,mossy_cobblestone_slab,,
,5,6,smooth_sandstone_slab,,
,5,7,red_nether_brick_slab,,
stone_slab3,5,0,end_stone_brick_slab,,
,5,1,smooth_red_sandstone_slab,,
,5,2,polished_andesite_slab,,
,5,3,andesite_slab,,
,5,4,diorite_slab,,
,5,5,polished_diorite_slab,,
,5,6,granite_slab,,
,5,7,polished_granite_slab,,
stone_slab4,5,0,mossy_stone_brick_slab,,
,5,1,smooth_quartz_slab,,
,5,2,stone_slab,,
,5,3,cut_sandstone_slab,,
,5,4,cut_red_sandstone,,
stone_stairs,5,,cobblestone_stairs,,
stone_sword,5,,stone_sword,DURABILITY,
stonebrick,5,0,stone_bricks,,
,5,1,mossy_stone_bricks,,
,5,2,cracked_stone_bricks,,
,5,3,chiseled_stone_bricks,,
,5,4,stone_bricks,,
stonecutter_block,5,,stonecutter,,
stray_spawn_egg,5,,stray_spawn_egg,SPAWN_EGG,
string,5,,string,,
stripped_acacia_log,5,,stripped_acacia_log,,
stripped_birch_log,5,,stripped_birch_log,,
stripped_crimson_hyphae,5,,stripped_crimson_hyphae,,
stripped_crimson_stem,5,,stripped_crimson_stem,,
stripped_dark_oak_log,5,,stripped_dark_oak_log,,
stripped_jungle_log,5,,stripped_jungle_log,,
stripped_oak_log,5,,stripped_oak_log,,
stripped_spruce_log,5,,stripped_spruce_log,,
stripped_warped_hyphae,5,,stripped_warped_hyphae,,
stripped_warped_stem,5,,stripped_warped_stem,,
sugar,5,,sugar,,
sugar_cane,5,,sugar_cane,,
sweet_berries,5,,sweet_berries,,
tallgrass,5,0,tall_grass,,
,5,2,fern,,
,5,2,dead_bush,,
target,5,,target,,
tinted_glass,5,,tinted_glass,,
tnt,5,,tnt,,
tnt_minecart,5,,tnt_minecart,,
torch,5,,torch,,
totem,5,,totem_of_undying,,
totem_of_undying,5,,totem_of_undying,,
trapdoor,5,,oak_trapdoor,,
trapped_chest,5,,trapped_chest,,Chest
trident,5,,trident,DURABILITY,
tripwire,5,,tripwire,,
tripwire_hook,5,,tripwire_hook,,
tropical_fish,5,,tropical_fish,,
tropical_fish_bucket,5,,tropical_fish_bucket,,
tuff,5,,tuff,,
turtle_egg,5,,turtle_egg,,
turtle_helmet,5,,turtle_helmet,DURABILITY,
turtle_shell_piece,5,,scute,,
twisting_vines,5,,twisting_vines,,
undyed_shulker_box,5,,shulker_box,,ShulkerBox
vex_spawn_egg,5,,vex_spawn_egg,SPAWN_EGG,
vindicator_spawn_egg,5,,vindicator_spawn_egg,SPAWN_EGG,
vine,5,,vine,,
wall_banner,5,,white_wall_banner,,
warped_button,5,,warped_button,,
warped_door,5,,warped_door,,
warped_fence,5,,warped_fence,,
warped_fence_gate,5,,warped_fence_gate,,
warped_fungus,5,,warped_fungus,,
warped_fungus_on_a_stick,5,,warped_fungus_on_a_stick,,
warped_hyphae,5,,warped_hyphae,,
warped_nylium,5,,warped_nylium,,
warped_planks,5,,warped_planks,,
warped_pressure_plate,5,,warped_pressure_plate,,
warped_roots,5,,warped_roots,,
warped_sign,5,,warped_sign,,
warped_slab,5,,warped_slab,,
warped_stairs,5,,warped_stairs,,
warped_stem,5,,warped_stem,,
warped_trapdoor,5,,warped_trapdoor,,
warped_wart_block,5,,warped_wart_block,,
water,5,,water,,
water_bucket,5,,water_bucket,,
waterlily,5,,lily_pad,,
waxed_copper,19,,waxed_copper_block,,
waxed_cut_copper,19,,waxed_cut_copper,,
waxed_cut_copper_slab,19,,waxed_cut_copper_slab,,
waxed_cut_copper_stairs,19,,waxed_cut_copper_stairs,,
waxed_exposed_copper,19,,waxed_exposed_copper,,
waxed_exposed_cut_copper,19,,waxed_exposed_cut_copper,,
waxed_exposed_cut_copper_slab,,,waxed_exposed_cut_copper_slab,,
waxed_exposed_cut_copper_stairs,19,,waxed_exposed_cut_copper_stairs,,
waxed_oxidized_copper,19,,waxed_oxidized_copper,,
waxed_oxidized_cut_copper,19,,waxed_oxidized_cut_copper,,
waxed_oxidized_cut_copper_slab,19,,waxed_oxidized_cut_copper_slab,,
waxed_oxidized_cut_copper_stairs,19,,waxed_oxidized_cut_copper_stairs,,
waxed_weathered_copper,19,,waxed_weathered_copper,,
waxed_weathered_cut_copper,19,,waxed_weathered_cut_copper,,
waxed_weathered_cut_copper_slab,19,,waxed_weathered_cut_copper_slab,,
waxed_weathered_cut_copper_stairs,19,,waxed_weathered_cut_copper_stairs,,
weathered_copper,19,,weathered_copper,,
weathered_cut_copper,19,,weathered_cut_copper,,
weathered_cut_copper_slab,19,,weathered_cut_copper_slab,,
weathered_cut_copper_stairs,19,,weathered_cut_copper_stairs,,
web,5,,cobweb,,
weeping_vines,5,,weeping_vines,,
wheat,5,,wheat,,
wheat_seeds,5,,wheat_seeds,,
white_candle,5,,white_candle,,
white_dye,5,,white_dye,,
white_glazed_terracotta,5,,white_glazed_terracotta,,
witch_spawn_egg,5,,witch_spawn_egg,SPAWN_EGG,
wither_rose,5,,wither_rose,,
wither_skeleton_spawn_egg,5,,wither_skeleton_spawn_egg,SPAWN_EGG,
wood,5,0,oak_wood,,
,5,1,spruce_wood,,
,5,2,birch_wood,,
,5,3,jungle_wood,,
,5,4,acacia_wood,,
,5,5,dark_oak_wood,,
,5,12,stripped_acacia_wood,,
,5,10,stripped_birch_wood,,
,5,13,stripped_dark_oak_wood,,
,5,11,stripped_jungle_wood,,
,5,8,stripped_oak_wood,,
,5,9,stripped_spruce_wood,,
wooden_axe,5,,wooden_axe,DURABILITY,
wooden_button,5,,oak_button,,
wooden_door,5,,oak_door,,
wooden_hoe,5,,wooden_hoe,DURABILITY,
wooden_pickaxe,5,,wooden_pickaxe,DURABILITY,
wooden_pressure_plate,5,,oak_pressure_plate,,
wooden_shovel,5,,wooden_shovel,DURABILITY,
wooden_slab,5,0,oak_slab,,
,5,1,spruce_slab,,
,5,2,birch_slab,,
,5,3,jungle_slab,,
,5,4,acacia_slab,,
,5,5,dark_oak_slab,,
wooden_sword,5,,wooden_sword,DURABILITY,
wool,5,0,white_wool,,
,5,1,orange_wool,,
,5,2,magenta_wool,,
,5,3,light_blue_wool,,
,5,4,yellow_wool,,
,5,5,lime_wool,,
,5,6,pink_wool,,
,5,7,gray_wool,,
,5,8,light_gray_wool,,
,5,9,cyan_wool,,
,5,10,purple_wool,,
,5,11,blue_wool,,
,5,12,brown_wool,,
,5,13,green_wool,,
,5,14,red_wool,,
,5,15,black_wool,,
writable_book,5,,writable_book,,
written_book,5,,written_book,BOOK,
yellow_candle,5,,yellow_candle,,
yellow_dye,5,,yellow_dye,,
yellow_flower,5,,dandelion,,
yellow_glazed_terracotta,5,,yellow_glazed_terracotta,,
zombie_horse_spawn_egg,5,,zombie_horse_spawn_egg,SPAWN_EGG,
zombie_pigman_spawn_egg,5,,zombie_pigman_spawn_egg,SPAWN_EGG,
zombie_spawn_egg,5,,zombie_spawn_egg,SPAWN_EGG,